"index","job_id","title","url","is_active","specialty","employment_type","company","location","compensation","start_date"
"1","6aa4def25ffbbbfeb637f526","Locum - Family Medicine - Halifax","https://physiciancareers.ca/jobs/locum-family-medicine-halifax-6aa4def25ffbbbfeb637f526","true","Family Medicine","locum","Richmond Family Practice","Halifax, NS","Guaranteed daily minimum $1,200 (or $600 half-day); additional shadow billings if exceeded; accommodations up to $300/night; travel expenses including airfare up to $1,500; travel time up to 10 hours/week; licensing fees (CPSNS) covered.",""
"2","6aa8d3755ffbbbfeb63fe665","Family Physician - (2136)","https://physiciancareers.ca/jobs/family-physician-2136-6aa8d3755ffbbbfeb63fe665","false","Family Medicine","part-time","Klinic Community Health","Winnipeg, MB","0.25 EFT; $149.78 per hour",""
"3","6aab75fe5ffbbbfeb6464592","VCHA-9310 Hospitalist (Family Practice or Internal Medicine)","https://physiciancareers.ca/jobs/vcha-9310-hospitalist-family-practice-or-internal-medicine-6aab75fe5ffbbbfeb6464592","false","Internal Medicine","","Lions Gate Hospital","North Vancouver, BC","Alternative Payment Arrangement (Alternative Payment Plan)",""
"4","6aaa271d5ffbbbfeb643728d","FHA-8218 Physical Medicine and Rehabilitation (General)","https://physiciancareers.ca/jobs/fha-8218-physical-medicine-and-rehabilitation-general-6aaa271d5ffbbbfeb643728d","false","Physical Medicine and Rehabilitation","full-time","The Medical Clinic","New Westminster, BC","Physician 75/25 split; Alternative Payment Arrangement",""
"5","6aaa27175ffbbbfeb6437288","FHA-8217 Family Practitioner/General Practitioner (General)","https://physiciancareers.ca/jobs/fha-8217-family-practitionergeneral-practitioner-general-6aaa27175ffbbbfeb6437288","false","Family Medicine","","Clinic","Surrey, BC","NTP, LFP, FFS (Fee-for-Service)",""
"6","6aaa25dd5ffbbbfeb6437083","IHA-12953 Anesthesiology (Cardiac)","https://physiciancareers.ca/jobs/iha-12953-anesthesiology-cardiac-6aaa25dd5ffbbbfeb6437083","false","Anaesthesiology","full-time","Kelowna General Hospital","Kelowna, BC","Clinical Service Contract; incentives available (subject to change and confirmed at time of offer).",""
"7","6aaa25ce5ffbbbfeb643706f","VCHA-9309 Family Practitioner/General Practitioner (General)","https://physiciancareers.ca/jobs/vcha-9309-family-practitionergeneral-practitioner-general-6aaa25ce5ffbbbfeb643706f","false","Family Medicine","locum","Pemberton Heights Clinic","North Vancouver, BC","Fee-for-Service (FFS); Average monthly overhead billing split 70/30; PCN available; Signing bonus up to $10,000; Relocation bonus up to $8,000; Potential equity-based incentives; clinic may support EMR migration costs and other financial transition assistance.",""
"8","6aaa25bd5ffbbbfeb6437059","VIHA-7745 Hospitalist (Family Practice or Internal Medicine)","https://physiciancareers.ca/jobs/viha-7745-hospitalist-family-practice-or-internal-medicine-6aaa25bd5ffbbbfeb6437059","false","Internal Medicine","locum","Cowichan District Hospital","Duncan, BC","Fee-for-Service; competitive hospitalist contract rates; relocation benefits may be available",""
"9","6aaa25b45ffbbbfeb643704a","Emergency Medicine Physician - Sturgeon Community Hospital","https://physiciancareers.ca/jobs/emergency-medicine-physician-sturgeon-community-hospital-6aaa25b45ffbbbfeb643704a","false","Emergency Medicine","","Sturgeon Community Hospital","St. Albert, AB","Fee for service",""
"10","6aaa25ae5ffbbbfeb6437045","Family Physician Locum - Indigenous Wellness Clinic","https://physiciancareers.ca/jobs/family-physician-locum-indigenous-wellness-clinic-6aaa25ae5ffbbbfeb6437045","false","Family Medicine","locum","Indigenous Wellness Clinic (Anderson Hall, Royal Alexandra Hospital)","Edmonton, AB","",""
"11","6aaa25a85ffbbbfeb643702c","Associate Corridor Medical Lead, Calgary","https://physiciancareers.ca/jobs/associate-corridor-medical-lead-calgary-6aaa25a85ffbbbfeb643702c","false","Other (incl. Administrative Positions)","part-time","Alberta Health Services","Calgary, AB","Remuneration is within the range of .4 FTE of the AHS Physician Leader Compensation Grid","2026-10-12"
"12","6aaa25a35ffbbbfeb6437027","Deputy Medical Director, FMC NCC ICU","https://physiciancareers.ca/jobs/deputy-medical-director-fmc-ncc-icu-6aaa25a35ffbbbfeb6437027","false","Other (incl. Administrative Positions)","part-time","Foothills Medical Centre","Calgary, AB","Medical Leadership compensation rates per AHS policies.",""
"13","6aaa259d5ffbbbfeb6437011","Medical Director, FMC General System ICU","https://physiciancareers.ca/jobs/medical-director-fmc-general-system-icu-6aaa259d5ffbbbfeb6437011","false","Other (incl. Administrative Positions)","part-time","Foothills Medical Centre","Calgary, AB","Medical Leadership compensation rates per AHS policies.",""
"14","6aaa25975ffbbbfeb643700c","Seniors Care-Physician-Skypointe","https://physiciancareers.ca/jobs/seniors-care-physician-skypointe-6aaa25975ffbbbfeb643700c","false","Family Medicine","full-time","Skypointe Long-Term Care","Calgary, AB","The Practitioner is responsible for purchasing health and insurance benefits. For complete details on the AMA benefits, please see www.albertadoctors.org.","2026-10-01"
"15","6aaa25915ffbbbfeb6437007","Hospitalist – Medical Inpatient Care – Rockyview General Hospital, Calgary, Alberta","https://physiciancareers.ca/jobs/hospitalist-medical-inpatient-care-rockyview-general-hospital-calgary-alberta-6aaa25915ffbbbfeb6437007","false","Family Medicine","part-time","Rockyview General Hospital","Calgary, AB","The Practitioner is responsible for purchasing health and insurance benefits. For complete details on the AMA benefits, please see www.albertadoctors.org.","2027-01-04"
"16","6aaa258d5ffbbbfeb6437002","Associate Chief Medical Officer (ACMO)","https://physiciancareers.ca/jobs/associate-chief-medical-officer-acmo-6aaa258d5ffbbbfeb6437002","false","Other (incl. Administrative Positions)","part-time","Primary Care Alberta","AB","",""
"17","6aaa25865ffbbbfeb6436ffd","COMMUNITY: Family Physician - Dunluce Medical Clinic - Edmonton","https://physiciancareers.ca/jobs/community-family-physician-dunluce-medical-clinic-edmonton-6aaa25865ffbbbfeb6436ffd","false","Family Medicine","","Dunluce Medical Clinic","Edmonton, AB","Fee-for-Service (FFS). Estimated gross annual FFS earnings: $250,000-$400,000 CAD, depending on patient volume, physician schedule, services provided, and individual billing activity. Compensation is based on billings in accordance with the Alberta Health Schedule of Medical Benefits (SOMB). Clinic overhead structure and applicable terms will be discussed with candidates who are selected for interview.",""
"18","6aaa25805ffbbbfeb6436ff5","COMMUNITY: Family Physician - Coral Springs Medical Clinic - Calgary","https://physiciancareers.ca/jobs/community-family-physician-coral-springs-medical-clinic-calgary-6aaa25805ffbbbfeb6436ff5","false","Family Medicine","","Coral Springs Medical Clinic","Calgary, AB","Compensation is competitive and based on the physician's billing under the Alberta Health Care Insurance Plan (AHCIP), with income dependent on patient volume and services provided.",""
"19","6aaa257c5ffbbbfeb6436fe6","COMMUNITY: Family Physician - Savanna Bazaar Medical center - Calgary","https://physiciancareers.ca/jobs/community-family-physician-savanna-bazaar-medical-center-calgary-6aaa257c5ffbbbfeb6436fe6","false","Family Medicine","full-time","Savanna Bazaar Medical Center","Calgary, AB","Fee-for-service. Overhead will be discussed at the time of the interview.",""
"20","6aaa25765ffbbbfeb6436fe1","COMMUNITY: Family Physicians - Sunrise Medical Clinic","https://physiciancareers.ca/jobs/community-family-physicians-sunrise-medical-clinic-6aaa25765ffbbbfeb6436fe1","false","Family Medicine","full-time","Sunrise Medical Clinic","Calgary, AB","Fee for Service compensation.",""