"job_id","url","title","specialty","employment_type","company","location_formatted","location_street_address","location_city","location_province","location_country","compensation","dates_posted_date","dates_posted_datetime_iso","dates_closing_date","map_label","map_google_maps_url","map_embed_iframe_url","application_is_gated","application_gate_message","structured_sections_Company Description","structured_sections_Job Description","structured_sections_Responsibilities","structured_sections_Remuneration","structured_sections_Qualifications","structured_sections_Additional Information","structured_sections_Clinic Details","structured_sections_Community Details","structured_sections_Practicing in Nova Scotia","structured_sections_Building a Diverse Workforce","external_links","description_summary","full_description_text","full_description_html","json_ld_@context","json_ld_@type","json_ld_title","json_ld_description","json_ld_datePosted","json_ld_hiringOrganization_@type","json_ld_hiringOrganization_name","json_ld_employmentType","json_ld_jobLocation_@type","json_ld_jobLocation_address_@type","json_ld_jobLocation_address_streetAddress","json_ld_jobLocation_address_addressLocality","json_ld_jobLocation_address_addressRegion","json_ld_jobLocation_address_addressCountry","json_ld_identifier_@type","json_ld_identifier_value","scraped_at"
"6aa4def25ffbbbfeb637f526","https://physiciancareers.ca/jobs/locum-family-medicine-halifax-6aa4def25ffbbbfeb637f526","Locum - Family Medicine - Halifax","Family Medicine","locum","Richmond Family Practice","Halifax, NS","Richmond Family Practice","Halifax","NS","CA","Guaranteed daily minimum $1,200 (or $600 half-day); additional shadow billings if exceeded; accommodations up to $300/night; travel expenses including airfare up to $1,500; travel time up to 10 hours/week; licensing fees (CPSNS) covered.","2026-09-15","2026-09-15T09:45:00.000Z","2027-01-01","RICHMOND FAMILY PRACTICE, HALIFAX, NS","https://www.google.com/maps/search/?api=1&query=Richmond%20Family%20Practice%2C%20Halifax%2C%20NS","https://www.google.com/maps?q=Richmond%20Family%20Practice%2C%20Halifax%2C%20NS&z=14&output=embed","true","Unlock application details with Premium","Nova Scotia Health is the largest provider of health services in Nova Scotia, with some specialized services also offered to clients throughout Atlantic Canada. We’re on a mission to achieve excellence in health, healing, and learning through working together, which is reflected in the hospitals, health centers, and community-based programs we operate across the province. | Our passionate team of professionals provides a variety of high-quality inpatient and outpatient services including academic, tertiary, and quaternary care, as well as continuing care, primary health care, public health, and mental health and addictions. Join a diverse team of innovators, collaborators, and creative thinkers today.","Richmond Family Practice is seeking a Family Physician to provide Locum coverage for the following dates: | December 14th - 28th, 2026 (inclusive) | January 4th and 5th, 2027","delivery of comprehensive primary health care services to patients of all ages and stages of health or illness | work with other providers in the clinic to provide cross coverage and same day access | utilize an electronic medical record (EMR) and record all relevant patient details in a provincially approved EMR which is accessible to all collaborating team members","guaranteed daily minimum income of $1,200 for family physicians ($600 or half-day) | additional shadow billings if above amount is exceeded. | accommodations up to $300 per night | travel expenses (including air fare up to $1,500) | travel time up to 10 hours per week | licensing fees for College of Physicians and Surgeons (CPSNS)","all applicants must be eligible for licensure with the College of Physicians and Surgeons of Nova Scotia (CPSNS) | all family physicians must be eligible for certification with the College of Family Physicians of Canada (CFPC) | membership with the Canadian Medical Protective Association (CMPA)","","Richmond Family Practice is a well-established family medicine clinic located on the Halifax Peninsula, offering comprehensive, team-based care alongside a large and collaborative group of 14 family physicians. The practice is supported by experienced and dedicated clerical staff who contribute to a smooth and efficient clinical environment. With a strong collegial atmosphere and shared commitment to patient care, the clinic provides an excellent setting for physicians seeking a supportive and well-organized practice. The clinic utilizes Accuro EMR to support streamlined documentation and continuity of care.","Halifax is the capital of the province of Nova Scotia, and the largest city in eastern Canada. As such, it’s the region’s intellectual, educational, cultural, economic, and health care hub. Halifax is home to eight universities and colleges, national and international corporate offices, and every urban lifestyle attraction a resident or visitor could desire. A safe and lively city, Halifax is where a diversity of people gather to work, eat, drink, shop, and celebrate. | Central Halifax is characterized by a mix of historic and modern architecture, reflecting the city's evolution over centuries. The Citadel, a star-shaped fortress perched on Citadel Hill, stands as a symbol of Halifax's military history and offers panoramic views of the city and Halifax Harbour. At the foot of the city’s downtown, where it meets the harbour, the waterfront boardwalk is an urban pedestrian playground of restaurants, pubs, shops, cafes, public art beer gardens, and historic sites. | Downtown Halifax is a compact, lively, and historic destination featuring a blend of shops, restaurants, and entertainment venues. The city's streets come alive with festivals, street performers, and a welcoming atmosphere that reflects the warmth of its residents. The city is home to numerous galleries, theatres, and live music venues, making it a cultural haven for both residents and visitors. | Physicians in Nova Scotia provide fulfilling patient care which embraces family life, professional development and community involvement. That's what makes practicing medicine in Nova Scotia unique. Physicians are increasingly attracted to practices that offer team-based care to their patients and allow them to consult with their peers. The size and scale of Nova Scotia allows for better connections across the health care system. Your practice of medicine and your life is richer here. Nova Scotia is more than medicine. | Nova Scotia Health Authority (NSHA) is committed to being a workforce that is free of discrimination, values diversity, and is representative, at all job levels, of the people we serve. Our priority groups are Aboriginal People, African Nova Scotians, Persons with Disabilities and Recent Immigrants. Members of these groups are welcome to apply and self-identify if they wish to be considered under our Employment Equity policy.","Physicians in Nova Scotia provide fulfilling patient care which embraces family life, professional development and community involvement. That's what makes practicing medicine in Nova Scotia unique. Physicians are increasingly attracted to practices that offer team-based care to their patients and allow them to consult with their peers. The size and scale of Nova Scotia allows for better connections across the health care system. Your practice of medicine and your life is richer here. Nova Scotia is more than medicine.","The Physician Recruitment Team at Nova Scotia Health lives and works in Mi’kma’ki, the unceded and ancestral territory of the Mi’kmaq people. We are dedicated to equity, diversity, inclusion, and truth and reconciliation, and we are working to support medical communities that are reflective of and responsive to the diverse populations they serve in Nova Scotia. We welcome physicians from diverse backgrounds and experiences to join us in building healthier, more equitable communities across the province.","{""text"":""College of Physicians and Surgeons (CPSNS)"",""url"":""https://cpsns.ns.ca/""} | {""text"":""College of Physicians and Surgeons of Nova Scotia"",""url"":""http://cpsns.ns.ca/""} | {""text"":""College of Family Physicians of Canada"",""url"":""http://www.cfpc.ca/Home/""} | {""text"":""Canadian Medical Protective Association"",""url"":""http://www.cmpa-acpm.ca/en/home""}","Company Description

Nova Scotia Health is the largest provider of health services in Nova Scotia, with some specialized services also offered to clients throughout Atlantic Canada. We’re on a mission to achieve excellence in health, healing, and learning through working together, which is reflected...","Company Description

Nova Scotia Health is the largest provider of health services in Nova Scotia, with some specialized services also offered to clients throughout Atlantic Canada. We’re on a mission to achieve excellence in health, healing, and learning through working together, which is reflected in the hospitals, health centers, and community-based programs we operate across the province.

Our passionate team of professionals provides a variety of high-quality inpatient and outpatient services including academic, tertiary, and quaternary care, as well as continuing care, primary health care, public health, and mental health and addictions. Join a diverse team of innovators, collaborators, and creative thinkers today.

Job Description

Richmond Family Practice is seeking a Family Physician to provide Locum coverage for the following dates:

December 14th - 28th, 2026 (inclusive)

January 4th and 5th, 2027

Responsibilities

delivery of comprehensive primary health care services to patients of all ages and stages of health or illness
work with other providers in the clinic to provide cross coverage and same day access
utilize an electronic medical record (EMR) and record all relevant patient details in a provincially approved EMR which is accessible to all collaborating team members

Remuneration

guaranteed daily minimum income of $1,200 for family physicians ($600 or half-day)
additional shadow billings if above amount is exceeded.
accommodations up to $300 per night 
travel expenses (including air fare up to $1,500)
travel time up to 10 hours per week
licensing fees for College of Physicians and Surgeons (CPSNS)

Qualifications

all applicants must be eligible for licensure with the College of Physicians and Surgeons of Nova Scotia (CPSNS)
all family physicians must be eligible for certification with the College of Family Physicians of Canada (CFPC)
membership with the Canadian Medical Protective Association (CMPA)

Additional Information

Clinic Details 

Richmond Family Practice is a well-established family medicine clinic located on the Halifax Peninsula, offering comprehensive, team-based care alongside a large and collaborative group of 14 family physicians. The practice is supported by experienced and dedicated clerical staff who contribute to a smooth and efficient clinical environment. With a strong collegial atmosphere and shared commitment to patient care, the clinic provides an excellent setting for physicians seeking a supportive and well-organized practice. The clinic utilizes Accuro EMR to support streamlined documentation and continuity of care.

Community Details

Halifax is the capital of the province of Nova Scotia, and the largest city in eastern Canada. As such, it’s the region’s intellectual, educational, cultural, economic, and health care hub. Halifax is home to eight universities and colleges, national and international corporate offices, and every urban lifestyle attraction a resident or visitor could desire. A safe and lively city, Halifax is where a diversity of people gather to work, eat, drink, shop, and celebrate.

Central Halifax is characterized by a mix of historic and modern architecture, reflecting the city's evolution over centuries. The Citadel, a star-shaped fortress perched on Citadel Hill, stands as a symbol of Halifax's military history and offers panoramic views of the city and Halifax Harbour. At the foot of the city’s downtown, where it meets the harbour, the waterfront boardwalk is an urban pedestrian playground of restaurants, pubs, shops, cafes, public art beer gardens, and historic sites.

Downtown Halifax is a compact, lively, and historic destination featuring a blend of shops, restaurants, and entertainment venues. The city's streets come alive with festivals, street performers, and a welcoming atmosphere that reflects the warmth of its residents. The city is home to numerous galleries, theatres, and live music venues, making it a cultural haven for both residents and visitors.

Physicians in Nova Scotia provide fulfilling patient care which embraces family life, professional development and community involvement. That's what makes practicing medicine in Nova Scotia unique. Physicians are increasingly attracted to practices that offer team-based care to their patients and allow them to consult with their peers. The size and scale of Nova Scotia allows for better connections across the health care system. Your practice of medicine and your life is richer here. Nova Scotia is more than medicine. 

Nova Scotia Health Authority (NSHA) is committed to being a workforce that is free of discrimination, values diversity, and is representative, at all job levels, of the people we serve. Our priority groups are Aboriginal People, African Nova Scotians, Persons with Disabilities and Recent Immigrants. Members of these groups are welcome to apply and self-identify if they wish to be considered under our Employment Equity policy.

Practicing in Nova Scotia

Physicians in Nova Scotia provide fulfilling patient care which embraces family life, professional development and community involvement. That's what makes practicing medicine in Nova Scotia unique. Physicians are increasingly attracted to practices that offer team-based care to their patients and allow them to consult with their peers. The size and scale of Nova Scotia allows for better connections across the health care system. Your practice of medicine and your life is richer here. Nova Scotia is more than medicine. 

Building a Diverse Workforce

The Physician Recruitment Team at Nova Scotia Health lives and works in Mi’kma’ki, the unceded and ancestral territory of the Mi’kmaq people. We are dedicated to equity, diversity, inclusion, and truth and reconciliation, and we are working to support medical communities that are reflective of and responsive to the diverse populations they serve in Nova Scotia. We welcome physicians from diverse backgrounds and experiences to join us in building healthier, more equitable communities across the province. 

Closing Date: 2027-01-01","<div><p><strong>Company Description</strong></p><p>Nova Scotia Health is the largest provider of health services in Nova Scotia, with some specialized services also offered to clients throughout Atlantic Canada. We’re on a mission to achieve excellence in health, healing, and learning through working together, which is reflected in the hospitals, health centers, and community-based programs we operate across the province.</p><p>Our passionate team of professionals provides a variety of high-quality inpatient and outpatient services including academic, tertiary, and quaternary care, as well as continuing care, primary health care, public health, and mental health and addictions. Join a diverse team of innovators, collaborators, and creative thinkers today.</p>
<p><strong>Job Description</strong></p><p>Richmond Family Practice is seeking a Family Physician to provide Locum coverage for the following dates:</p><p>December 14th - 28th, 2026 (inclusive)</p><p>January 4th and 5th, 2027</p><p><strong>Responsibilities</strong></p><ul><li>delivery of comprehensive primary health care services to patients of all ages and stages of health or illness</li><li>work with other providers in the clinic to provide cross coverage and same day access</li><li>utilize an electronic medical record (EMR) and record all relevant patient details in a provincially approved EMR which is accessible to all collaborating team members</li></ul><p><strong>Remuneration</strong></p><ul><li>guaranteed daily minimum income of $1,200 for family physicians ($600 or half-day)</li><li>additional shadow billings if above amount is exceeded.</li><li>accommodations up to $300 per night&nbsp;</li><li>travel expenses (including air fare up to $1,500)</li><li>travel time up to 10 hours per week</li><li>licensing fees for <a href=""https://cpsns.ns.ca/"" target=""_blank"" rel=""noopener noreferrer"" title=""(opens in a new window)"">College of Physicians and Surgeons (CPSNS)</a></li></ul>
<p><strong>Qualifications</strong></p><ul><li>all applicants must be eligible for licensure with the&nbsp;<a href=""http://cpsns.ns.ca/"" target=""_blank"" rel=""noopener noreferrer"" title=""(opens in a new window)""><strong>College of Physicians and Surgeons of Nova Scotia</strong></a>&nbsp;(CPSNS)</li><li>all family physicians must be eligible for certification with the&nbsp;<a href=""http://www.cfpc.ca/Home/"" target=""_blank"" rel=""noopener noreferrer"" title=""(opens in a new window)""><strong>College of Family Physicians of Canada</strong></a>&nbsp;(CFPC)</li><li>membership with the&nbsp;<a href=""http://www.cmpa-acpm.ca/en/home"" target=""_blank"" rel=""noopener noreferrer"" title=""(opens in a new window)""><strong>Canadian Medical Protective Association</strong></a>&nbsp;(CMPA)</li></ul>
<p><strong>Additional Information</strong></p><p><strong>Clinic Details&nbsp;</strong></p><p>Richmond Family Practice is a well-established family medicine clinic located on the Halifax Peninsula, offering comprehensive, team-based care alongside a large and collaborative group of 14 family physicians. The practice is supported by experienced and dedicated clerical staff who contribute to a smooth and efficient clinical environment. With a strong collegial atmosphere and shared commitment to patient care, the clinic provides an excellent setting for physicians seeking a supportive and well-organized practice. The clinic utilizes Accuro EMR to support streamlined documentation and continuity of care.</p><p><strong>Community Details</strong></p><p>Halifax is the capital of the province of Nova Scotia, and the largest city in eastern Canada. As such, it’s the region’s intellectual, educational, cultural, economic, and health care hub. Halifax is home to eight universities and colleges, national and international corporate offices, and every urban lifestyle attraction a resident or visitor could desire. A safe and lively city, Halifax is where a diversity of people gather to work, eat, drink, shop, and celebrate.</p><p>Central Halifax is characterized by a mix of historic and modern architecture, reflecting the city's evolution over centuries. The Citadel, a star-shaped fortress perched on Citadel Hill, stands as a symbol of Halifax's military history and offers panoramic views of the city and Halifax Harbour. At the foot of the city’s downtown, where it meets the harbour, the waterfront boardwalk is an urban pedestrian playground of restaurants, pubs, shops, cafes, public art beer gardens, and historic sites.</p><p>Downtown Halifax is a compact, lively, and historic destination featuring a blend of shops, restaurants, and entertainment venues. The city's streets come alive with festivals, street performers, and a welcoming atmosphere that reflects the warmth of its residents. The city is home to numerous galleries, theatres, and live music venues, making it a cultural haven for both residents and visitors.</p><p><em>Physicians in Nova Scotia provide fulfilling patient care which embraces family life, professional development and community involvement. That's what makes practicing medicine in Nova Scotia unique. Physicians are increasingly attracted to practices that offer team-based care to their patients and allow them to consult with their peers. The size and scale of Nova Scotia allows for better connections across the health care system. Your practice of medicine and your life is richer here. Nova Scotia is more than medicine.&nbsp;&nbsp;</em></p><p>Nova Scotia Health Authority (NSHA) is committed to being a workforce that is free of discrimination, values diversity, and is representative, at all job levels, of the people we serve. Our priority groups are Aboriginal People, African Nova Scotians, Persons with Disabilities and Recent Immigrants. Members of these groups are welcome to apply and self-identify if they wish to be considered under our Employment Equity policy.</p><p><strong>Practicing in Nova Scotia</strong></p><p>Physicians in Nova Scotia provide fulfilling patient care which embraces family life, professional development and community involvement. That's what makes practicing medicine in Nova Scotia unique. Physicians are increasingly attracted to practices that offer team-based care to their patients and allow them to consult with their peers. The size and scale of Nova Scotia allows for better connections across the health care system. Your practice of medicine and your life is richer here. Nova Scotia is more than medicine.&nbsp;</p><p><strong>Building a Diverse Workforce</strong></p><p>The Physician Recruitment Team at Nova Scotia Health lives and works in Mi’kma’ki, the unceded and ancestral territory of the Mi’kmaq people. We are dedicated to equity, diversity, inclusion, and truth and reconciliation, and we are working to support medical communities that are reflective of and responsive to the diverse populations they serve in Nova Scotia. We welcome physicians from diverse backgrounds and experiences to join us in building healthier, more equitable communities across the province.&nbsp;</p>
<p><strong>Closing Date:</strong> 2027-01-01</p></div>","https://schema.org","JobPosting","Locum - Family Medicine - Halifax","Company Description Nova Scotia Health is the largest provider of health services in Nova Scotia, with some specialized services also offered to clients throughout Atlantic Canada. We’re on a mission to achieve excellence in health, healing, and learning through working together, which is reflected in the hospitals, health centers, and community-based programs we operate across the province. Our passionate team of professionals provides a variety of high-quality inpatient and outpatient services including academic, tertiary, and quaternary care, as well as continuing care, primary health care, public health, and mental health and addictions. Join a diverse team of innovators, collaborators, and creative thinkers today. Job Description Richmond Family Practice is seeking a Family Physician to provide Locum coverage for the following dates: December 14th - 28th, 2026 (inclusive) January 4th and 5th, 2027 Responsibilities delivery of comprehensive primary health care services to patients of all ages and stages of health or illness work with other providers in the clinic to provide cross coverage and same day access utilize an electronic medical record (EMR) and record all relevant patient details in a provincially approved EMR which is accessible to all collaborating team members Remuneration guaranteed daily minimum income of $1,200 for family physicians ($600 or half-day) additional shadow billings if above amount is exceeded. accommodations up to $300 per night&nbsp; travel expenses (including air fare up to $1,500) travel time up to 10 hours per week licensing fees for College of Physicians and Surgeons (CPSNS) Qualifications all applicants must be eligible for licensure with the&nbsp; College of Physicians and Surgeons of Nova Scotia &nbsp;(CPSNS) all family physicians must be eligible for certification with the&nbsp; College of Family Physicians of Canada &nbsp;(CFPC) membership with the&nbsp; Canadian Medical Protective Association &nbsp;(CMPA) Additional Information Clinic Details&nbsp; Richmond Family Practice is a well-established family medicine clinic located on the Halifax Peninsula, offering comprehensive, team-based care alongside a large and collaborative group of 14 family physicians. The practice is supported by experienced and dedicated clerical staff who contribute to a smooth and efficient clinical environment. With a strong collegial atmosphere and shared commitment to patient care, the clinic provides an excellent setting for physicians seeking a supportive and well-organized practice. The clinic utilizes Accuro EMR to support streamlined documentation and continuity of care. Community Details Halifax is the capital of the province of Nova Scotia, and the largest city in eastern Canada. As such, it’s the region’s intellectual, educational, cultural, economic, and health care hub. Halifax is home to eight universities and colleges, national and international corporate offices, and every urban lifestyle attraction a resident or visitor could desire. A safe and lively city, Halifax is where a diversity of people gather to work, eat, drink, shop, and celebrate. Central Halifax is characterized by a mix of historic and modern architecture, reflecting the city's evolution over centuries. The Citadel, a star-shaped fortress perched on Citadel Hill, stands as a symbol of Halifax's military history and offers panoramic views of the city and Halifax Harbour. At the foot of the city’s downtown, where it meets the harbour, the waterfront boardwalk is an urban pedestrian playground of restaurants, pubs, shops, cafes, public art beer gardens, and historic sites. Downtown Halifax is a compact, lively, and historic destination featuring a blend of shops, restaurants, and entertainment venues. The city's streets come alive with festivals, street performers, and a welcoming atmosphere that reflects the warmth of its residents. The city is home to numerous galleries, theatres, and live music venues, making it a cultural haven for both residents and visitors. Physicians in Nova Scotia provide fulfilling patient care which embraces family life, professional development and community involvement. That's what makes practicing medicine in Nova Scotia unique. Physicians are increasingly attracted to practices that offer team-based care to their patients and allow them to consult with their peers. The size and scale of Nova Scotia allows for better connections across the health care system. Your practice of medicine and your life is richer here. Nova Scotia is more than medicine.&nbsp;&nbsp; Nova Scotia Health Authority (NSHA) is committed to being a workforce that is free of discrimination, values diversity, and is representative, at all job levels, of the people we serve. Our priority groups are Aboriginal People, African Nova Scotians, Persons with Disabilities and Recent Immigrants. Members of these groups are welcome to apply and self-identify if they wish to be considered under our Employment Equity policy. Practicing in Nova Scotia Physicians in Nova Scotia provide fulfilling patient care which embraces family life, professional development and community involvement. That's what makes practicing medicine in Nova Scotia unique. Physicians are increasingly attracted to practices that offer team-based care to their patients and allow them to consult with their peers. The size and scale of Nova Scotia allows for better connections across the health care system. Your practice of medicine and your life is richer here. Nova Scotia is more than medicine.&nbsp; Building a Diverse Workforce The Physician Recruitment Team at Nova Scotia Health lives and works in Mi’kma’ki, the unceded and ancestral territory of the Mi’kmaq people. We are dedicated to equity, diversity, inclusion, and truth and reconciliation, and we are working to support medical communities that are reflective of and responsive to the diverse populations they serve in Nova Scotia. We welcome physicians from diverse backgrounds and experiences to join us in building healthier, more equitable communities across the province.&nbsp; Closing Date: 2027-01-01","2026-09-15T09:45:00.000Z","Organization","Richmond Family Practice","locum","Place","PostalAddress","Richmond Family Practice","Halifax","NS","CA","PropertyValue","6aa4def25ffbbbfeb637f526","2026-09-29T17:53:39.379Z"